{
  "count": 3,
  "pairs": [
    {
      "normal": [
        0.13688152793899958,
        0.5268790778408496,
        -0.8388455666227608
      ],
      "probability": 0.3333333333333333
    },
    {
      "normal": [
        0.005315780131868229,
        -0.9999812661260195,
        0.0030347781785193054
      ],
      "probability": 0.3333333333333333
    },
    {
      "normal": [
        -0.3483222371081587,
        0.40409897226493713,
        0.845798817539011
      ],
      "probability": 0.3333333333333333
    }
  ],
  "policy": "manualCluster",
  "type": "normal_probability_assignment"
}
