{
  "count": 3,
  "pairs": [
    {
      "normal": [
        -0.7488939127456532,
        0.06771049374093198,
        0.6592216596031
      ],
      "probability": 0.3333333333333333
    },
    {
      "normal": [
        0.673588587885407,
        0.05331832491280255,
        0.737180826187874
      ],
      "probability": 0.3333333333333333
    },
    {
      "normal": [
        0.11303823513996629,
        -0.32692230039776976,
        -0.93826657560582
      ],
      "probability": 0.3333333333333333
    }
  ],
  "policy": "manualCluster",
  "type": "normal_probability_assignment"
}
