{
  "count": 3,
  "pairs": [
    {
      "normal": [
        0.1368290663529628,
        0.5282126680622948,
        -0.8380150260582971
      ],
      "probability": 0.3333333333333333
    },
    {
      "normal": [
        -0.027989162995818745,
        -0.9989920738608945,
        0.03509192382732536
      ],
      "probability": 0.3333333333333333
    },
    {
      "normal": [
        -0.37265831983835307,
        0.45011547633739113,
        0.8114935826097575
      ],
      "probability": 0.3333333333333333
    }
  ],
  "policy": "manualCluster",
  "type": "normal_probability_assignment"
}
