{
  "count": 3,
  "pairs": [
    {
      "normal": [
        -0.775058283679184,
        0.07939264570977565,
        0.6268823372112823
      ],
      "probability": 0.3333333333333333
    },
    {
      "normal": [
        0.6669871707349411,
        0.1599531094310839,
        0.7276971326440185
      ],
      "probability": 0.3333333333333333
    },
    {
      "normal": [
        0.10096955203252819,
        -0.38721735390833406,
        -0.9164430535470158
      ],
      "probability": 0.3333333333333333
    }
  ],
  "policy": "manualCluster",
  "type": "normal_probability_assignment"
}
