{
  "count": 3,
  "pairs": [
    {
      "normal": [
        0.5959693341997102,
        -0.1658258276677571,
        -0.7856986366106646
      ],
      "probability": 0.3333333333333333
    },
    {
      "normal": [
        -0.7168800539981496,
        -0.04509104035103128,
        0.6957368656752866
      ],
      "probability": 0.3333333333333333
    },
    {
      "normal": [
        0.002246354613522043,
        -0.9999949624719363,
        -0.0022425257414964922
      ],
      "probability": 0.3333333333333333
    }
  ],
  "policy": "manualCluster",
  "type": "normal_probability_assignment"
}
