{
  "count": 4,
  "pairs": [
    {
      "normal": [
        0.909954364103586,
        0.4146915895017115,
        -0.0037337441506635266
      ],
      "probability": 0.125
    },
    {
      "normal": [
        -0.3472980964001729,
        0.9377368500794528,
        -0.005799330985728504
      ],
      "probability": 0.375
    },
    {
      "normal": [
        -0.3472980964001731,
        -0.9377368500794528,
        -0.005799330985728558
      ],
      "probability": 0.375
    },
    {
      "normal": [
        0.9099543641035859,
        -0.4146915895017116,
        -0.00373374415066339
      ],
      "probability": 0.125
    }
  ],
  "policy": "manualCluster",
  "type": "normal_probability_assignment"
}
