{
  "count": 4,
  "pairs": [
    {
      "normal": [
        0.7071067811865475,
        0.7071067811865475,
        0.0
      ],
      "probability": 0.125
    },
    {
      "normal": [
        -0.7071067811865474,
        0.7071067811865476,
        0.0
      ],
      "probability": 0.375
    },
    {
      "normal": [
        -0.7071067811865476,
        -0.7071067811865474,
        0.0
      ],
      "probability": 0.375
    },
    {
      "normal": [
        0.7071067811865475,
        -0.7071067811865476,
        0.0
      ],
      "probability": 0.125
    }
  ],
  "policy": "manualCluster",
  "type": "normal_probability_assignment"
}
