{
  "count": 3,
  "pairs": [
    {
      "normal": [
        0.30117371067844934,
        -0.044269103121180285,
        -0.9525411500323858
      ],
      "probability": 0.3333333333333333
    },
    {
      "normal": [
        -0.7315080193793749,
        -0.04253046444369389,
        0.6805050897516256
      ],
      "probability": 0.3333333333333333
    },
    {
      "normal": [
        0.7082891170177367,
        -0.4199795277247606,
        0.5674008486126207
      ],
      "probability": 0.3333333333333333
    }
  ],
  "policy": "manualCluster",
  "type": "normal_probability_assignment"
}
