{
  "count": 3,
  "pairs": [
    {
      "normal": [
        0.7621634732944241,
        0.6473571759578333,
        -0.005960428816677732
      ],
      "probability": 0.25
    },
    {
      "normal": [
        -0.9999828198555425,
        0.003613312959583269,
        -0.004615621649778392
      ],
      "probability": 0.5
    },
    {
      "normal": [
        0.761533971844583,
        -0.648106332981329,
        0.004918422115712025
      ],
      "probability": 0.25
    }
  ],
  "policy": "manualCluster",
  "type": "normal_probability_assignment"
}
