{
  "count": 3,
  "pairs": [
    {
      "normal": [
        0.5000000000000001,
        0.8660254037844385,
        0.0
      ],
      "probability": 0.25
    },
    {
      "normal": [
        -1.0,
        3.3306690738754686e-16,
        0.0
      ],
      "probability": 0.5
    },
    {
      "normal": [
        0.4999999999999998,
        -0.8660254037844387,
        0.0
      ],
      "probability": 0.25
    }
  ],
  "policy": "manualCluster",
  "type": "normal_probability_assignment"
}
